{
	"parent": "item/generated",
	"textures": {
		"layer0": "item/knowledge_book"
	},
	"overrides": [
		{
			"predicate": {
				"custom_model_data": 100000
			},
			"model": "item/eof/icewing/primary"
		},
		{
			"predicate": {
				"custom_model_data": 100001
			},
			"model": "item/eof/icewing/secondary"
		},
		{
			"predicate": {
				"custom_model_data": 100010
			},
			"model": "item/eof/icewing/tertiary"
		},
		{
			"predicate": {
				"custom_model_data": 100100
			},
			"model": "item/eof/mudwing/primary"
		},
		{
			"predicate": {
				"custom_model_data": 100101
			},
			"model": "item/eof/mudwing/secondary"
		},
		{
			"predicate": {
				"custom_model_data": 100110
			},
			"model": "item/eof/mudwing/tertiary"
		},
		{
			"predicate": {
				"custom_model_data": 101000
			},
			"model": "item/eof/nightwing/primary"
		},
		{
			"predicate": {
				"custom_model_data": 101001
			},
			"model": "item/eof/nightwing/secondary"
		},
		{
			"predicate": {
				"custom_model_data": 101010
			},
			"model": "item/eof/nightwing/tertiary"
		},
		{
			"predicate": {
				"custom_model_data": 101100
			},
			"model": "item/eof/rainwing/primary"
		},
		{
			"predicate": {
				"custom_model_data": 101101
			},
			"model": "item/eof/rainwing/secondary"
		},
		{
			"predicate": {
				"custom_model_data": 101110
			},
			"model": "item/eof/rainwing/tertiary"
		},
		{
			"predicate": {
				"custom_model_data": 110000
			},
			"model": "item/eof/sandwing/primary"
		},
		{
			"predicate": {
				"custom_model_data": 110001
			},
			"model": "item/eof/sandwing/secondary"
		},
		{
			"predicate": {
				"custom_model_data": 110010
			},
			"model": "item/eof/sandwing/tertiary"
		},
		{
			"predicate": {
				"custom_model_data": 110100
			},
			"model": "item/eof/seawing/primary"
		},
		{
			"predicate": {
				"custom_model_data": 110101
			},
			"model": "item/eof/seawing/secondary"
		},
		{
			"predicate": {
				"custom_model_data": 110110
			},
			"model": "item/eof/seawing/tertiary"
		},
		{
			"predicate": {
				"custom_model_data": 111000
			},
			"model": "item/eof/skywing/primary"
		},
		{
			"predicate": {
				"custom_model_data": 111001
			},
			"model": "item/eof/skywing/secondary"
		},
		{
			"predicate": {
				"custom_model_data": 111010
			},
			"model": "item/eof/skywing/tertiary"
		},
		{
			"predicate": {
				"custom_model_data": 111011
			},
			"model": "item/eof/skywing/tertiary-2"
		},
		{
			"predicate": {
				"custom_model_data": 200000
			},
			"model": "item/eof/hivewing/primary"
		},
		{
			"predicate": {
				"custom_model_data": 200001
			},
			"model": "item/eof/hivewing/secondary"
		},
		{
			"predicate": {
				"custom_model_data": 200010
			},
			"model": "item/eof/hivewing/tertiary"
		},
		{
			"predicate": {
				"custom_model_data": 200011
			},
			"model": "item/eof/hivewing/tertiary-2"
		},
		{
			"predicate": {
				"custom_model_data": 200100
			},
			"model": "item/eof/leafwing/primary"
		},
		{
			"predicate": {
				"custom_model_data": 200111
			},
			"model": "item/eof/leafwing/primary-2"
		},
		{
			"predicate": {
				"custom_model_data": 200101
			},
			"model": "item/eof/leafwing/secondary"
		},
		{
			"predicate": {
				"custom_model_data": 200110
			},
			"model": "item/eof/leafwing/tertiary"
		},
		{
			"predicate": {
				"custom_model_data": 201000
			},
			"model": "item/eof/silkwing/primary"
		},
		{
			"predicate": {
				"custom_model_data": 201001
			},
			"model": "item/eof/silkwing/secondary"
		},
		{
			"predicate": {
				"custom_model_data": 201010
			},
			"model": "item/eof/silkwing/tertiary"
		}
	]
}
