{
	"credit": "Made with Blockbench",
	"textures": {
		"0": "diamond_bracelet"
	},
	"elements": [
		{
			"from": [10, 0, 6],
			"to": [11, 1, 11],
			"faces": {
				"north": {"uv": [12, 6, 13, 9], "texture": "#0"},
				"east": {"uv": [13, 10, 14, 5], "rotation": 270, "texture": "#0"},
				"south": {"uv": [12, 8, 13, 9], "texture": "#0"},
				"west": {"uv": [13, 5, 14, 10], "rotation": 270, "texture": "#0"},
				"up": {"uv": [13, 5, 14, 10], "texture": "#0"},
				"down": {"uv": [13, 10, 14, 5], "texture": "#0"}
			}
		},
		{
			"from": [5, 0, 5],
			"to": [6, 1, 10],
			"faces": {
				"north": {"uv": [3, 6, 4, 7], "texture": "#0"},
				"east": {"uv": [2, 5, 3, 10], "rotation": 90, "texture": "#0"},
				"south": {"uv": [3, 6, 4, 9], "texture": "#0"},
				"west": {"uv": [2, 10, 3, 5], "rotation": 90, "texture": "#0"},
				"up": {"uv": [2, 5, 3, 10], "texture": "#0"},
				"down": {"uv": [2, 10, 3, 5], "texture": "#0"}
			}
		},
		{
			"from": [5, 0, 10],
			"to": [10, 1, 11],
			"faces": {
				"north": {"uv": [10, 13, 5, 14], "texture": "#0"},
				"east": {"uv": [6, 12, 9, 13], "texture": "#0"},
				"south": {"uv": [5, 13, 10, 14], "texture": "#0"},
				"west": {"uv": [6, 12, 7, 13], "texture": "#0"},
				"up": {"uv": [5, 13, 10, 14], "texture": "#0"},
				"down": {"uv": [5, 13, 10, 14], "texture": "#0"}
			}
		},
		{
			"from": [6, 0, 5],
			"to": [11, 1, 6],
			"faces": {
				"north": {"uv": [11, 2, 6, 3], "texture": "#0"},
				"east": {"uv": [9, 2, 10, 3], "rotation": 180, "texture": "#0"},
				"south": {"uv": [6, 2, 11, 3], "texture": "#0"},
				"west": {"uv": [7, 2, 10, 3], "texture": "#0"},
				"up": {"uv": [6, 2, 11, 3], "texture": "#0"},
				"down": {"uv": [6, 2, 11, 3], "texture": "#0"}
			}
		}
	],
	"display": {
		"thirdperson_righthand": {
			"rotation": [90, 0, 0],
			"translation": [0, -2, 11]
		},
		"thirdperson_lefthand": {
			"rotation": [90, 0, 0],
			"translation": [0, -2, 11]
		},
		"ground": {
			"translation": [0, 4.25, 0]
		},
		"gui": {
			"rotation": [90, 0, 0],
			"scale": [1.5, 1.5, 1.5]
		},
		"head": {
			"translation": [0, 22, 0],
			"scale": [2, 2, 2]
		},
		"fixed": {
			"rotation": [90, 0, 0],
			"translation": [0, 0, 14],
			"scale": [2, 2, 2]
		}
	}
}