{
	"parent": "item/generated",
	"textures": {
		"layer0": "item/glow_berries"
	},

	"overrides": [
		{"predicate": {"custom_model_data": 100015}, "model": "item/berries/sparkberry"},
		{"predicate": {"custom_model_data": 100016}, "model": "item/berries/nachtberry"},
		{"predicate": {"custom_model_data": 100017}, "model": "item/berries/oasisberry"},
		{"predicate": {"custom_model_data": 100018}, "model": "item/berries/pearlberry"},
		{"predicate": {"custom_model_data": 100019}, "model": "item/berries/skyberry"},
		{"predicate": {"custom_model_data": 100020}, "model": "item/berries/verdenberry"},
		{"predicate": {"custom_model_data": 100021}, "model": "item/berries/valorberry"}
	]
}