{
	"credit": "Made with Blockbench",
	"texture_size": [32, 32],
	"textures": {
		"1": "item/heart_of_ice_and_fire"
	},
	"elements": [
		{
			"from": [7, 0, 7],
			"to": [9, 1, 9],
			"faces": {
				"north": {"uv": [15, 4, 16, 5], "texture": "#1"},
				"east": {"uv": [15, 4, 16, 5], "texture": "#1"},
				"south": {"uv": [15, 4, 16, 5], "texture": "#1"},
				"west": {"uv": [15, 4, 16, 5], "texture": "#1"},
				"up": {"uv": [15, 4, 16, 5], "texture": "#1"},
				"down": {"uv": [15, 4, 16, 5], "texture": "#1"}
			}
		},
		{
			"from": [9, 1, 7],
			"to": [10, 2, 9],
			"faces": {
				"north": {"uv": [15, 4, 16, 5], "texture": "#1"},
				"east": {"uv": [15, 4, 16, 5], "texture": "#1"},
				"south": {"uv": [15, 4, 16, 5], "texture": "#1"},
				"west": {"uv": [15, 4, 16, 5], "texture": "#1"},
				"up": {"uv": [15, 4, 16, 5], "texture": "#1"},
				"down": {"uv": [15, 4, 16, 5], "texture": "#1"}
			}
		},
		{
			"from": [10, 2, 7],
			"to": [11, 3, 9],
			"faces": {
				"north": {"uv": [15, 4, 16, 5], "texture": "#1"},
				"east": {"uv": [15, 4, 16, 5], "texture": "#1"},
				"south": {"uv": [15, 4, 16, 5], "texture": "#1"},
				"west": {"uv": [15, 4, 16, 5], "texture": "#1"},
				"up": {"uv": [15, 4, 16, 5], "texture": "#1"},
				"down": {"uv": [15, 4, 16, 5], "texture": "#1"}
			}
		},
		{
			"from": [11, 3, 7],
			"to": [12, 4, 9],
			"faces": {
				"north": {"uv": [15, 4, 16, 5], "texture": "#1"},
				"east": {"uv": [15, 4, 16, 5], "texture": "#1"},
				"south": {"uv": [15, 4, 16, 5], "texture": "#1"},
				"west": {"uv": [15, 4, 16, 5], "texture": "#1"},
				"up": {"uv": [15, 4, 16, 5], "texture": "#1"},
				"down": {"uv": [15, 4, 16, 5], "texture": "#1"}
			}
		},
		{
			"from": [12, 4, 7],
			"to": [13, 5, 9],
			"faces": {
				"north": {"uv": [15, 4, 16, 5], "texture": "#1"},
				"east": {"uv": [15, 4, 16, 5], "texture": "#1"},
				"south": {"uv": [15, 4, 16, 5], "texture": "#1"},
				"west": {"uv": [15, 4, 16, 5], "texture": "#1"},
				"up": {"uv": [15, 4, 16, 5], "texture": "#1"},
				"down": {"uv": [15, 4, 16, 5], "texture": "#1"}
			}
		},
		{
			"from": [13, 5, 7],
			"to": [14, 6, 9],
			"faces": {
				"north": {"uv": [15, 4, 16, 5], "texture": "#1"},
				"east": {"uv": [15, 4, 16, 5], "texture": "#1"},
				"south": {"uv": [15, 4, 16, 5], "texture": "#1"},
				"west": {"uv": [15, 4, 16, 5], "texture": "#1"},
				"up": {"uv": [15, 4, 16, 5], "texture": "#1"},
				"down": {"uv": [15, 4, 16, 5], "texture": "#1"}
			}
		},
		{
			"from": [14, 6, 7],
			"to": [15, 7, 9],
			"faces": {
				"north": {"uv": [15, 4, 16, 5], "texture": "#1"},
				"east": {"uv": [15, 4, 16, 5], "texture": "#1"},
				"south": {"uv": [15, 4, 16, 5], "texture": "#1"},
				"west": {"uv": [15, 4, 16, 5], "texture": "#1"},
				"up": {"uv": [15, 4, 16, 5], "texture": "#1"},
				"down": {"uv": [15, 4, 16, 5], "texture": "#1"}
			}
		},
		{
			"from": [15, 7, 7],
			"to": [16, 11, 9],
			"faces": {
				"north": {"uv": [15, 4, 16, 5], "texture": "#1"},
				"east": {"uv": [15, 4, 16, 5], "texture": "#1"},
				"south": {"uv": [15, 4, 16, 5], "texture": "#1"},
				"west": {"uv": [15, 4, 16, 5], "texture": "#1"},
				"up": {"uv": [15, 4, 16, 5], "texture": "#1"},
				"down": {"uv": [15, 4, 16, 5], "texture": "#1"}
			}
		},
		{
			"from": [14, 11, 7],
			"to": [15, 12, 9],
			"faces": {
				"north": {"uv": [15, 4, 16, 5], "texture": "#1"},
				"east": {"uv": [15, 4, 16, 5], "texture": "#1"},
				"south": {"uv": [15, 4, 16, 5], "texture": "#1"},
				"west": {"uv": [15, 4, 16, 5], "texture": "#1"},
				"up": {"uv": [15, 4, 16, 5], "texture": "#1"},
				"down": {"uv": [15, 4, 16, 5], "texture": "#1"}
			}
		},
		{
			"from": [13, 12, 7],
			"to": [14, 13, 9],
			"faces": {
				"north": {"uv": [15, 4, 16, 5], "texture": "#1"},
				"east": {"uv": [15, 4, 16, 5], "texture": "#1"},
				"south": {"uv": [15, 4, 16, 5], "texture": "#1"},
				"west": {"uv": [15, 4, 16, 5], "texture": "#1"},
				"up": {"uv": [15, 4, 16, 5], "texture": "#1"},
				"down": {"uv": [15, 4, 16, 5], "texture": "#1"}
			}
		},
		{
			"from": [10, 13, 7],
			"to": [13, 14, 9],
			"faces": {
				"north": {"uv": [15, 4, 16, 5], "texture": "#1"},
				"east": {"uv": [15, 4, 16, 5], "texture": "#1"},
				"south": {"uv": [15, 4, 16, 5], "texture": "#1"},
				"west": {"uv": [15, 4, 16, 5], "texture": "#1"},
				"up": {"uv": [15, 4, 16, 5], "texture": "#1"},
				"down": {"uv": [15, 4, 16, 5], "texture": "#1"}
			}
		},
		{
			"from": [9, 12, 7],
			"to": [10, 13, 9],
			"faces": {
				"north": {"uv": [15, 4, 16, 5], "texture": "#1"},
				"east": {"uv": [15, 4, 16, 5], "texture": "#1"},
				"south": {"uv": [15, 4, 16, 5], "texture": "#1"},
				"west": {"uv": [15, 4, 16, 5], "texture": "#1"},
				"up": {"uv": [15, 4, 16, 5], "texture": "#1"},
				"down": {"uv": [15, 4, 16, 5], "texture": "#1"}
			}
		},
		{
			"from": [6, 1, 7],
			"to": [7, 2, 9],
			"faces": {
				"north": {"uv": [15, 4, 16, 5], "texture": "#1"},
				"east": {"uv": [15, 4, 16, 5], "texture": "#1"},
				"south": {"uv": [15, 4, 16, 5], "texture": "#1"},
				"west": {"uv": [15, 4, 16, 5], "texture": "#1"},
				"up": {"uv": [15, 4, 16, 5], "texture": "#1"},
				"down": {"uv": [15, 4, 16, 5], "texture": "#1"}
			}
		},
		{
			"from": [5, 2, 7],
			"to": [6, 3, 9],
			"faces": {
				"north": {"uv": [15, 4, 16, 5], "texture": "#1"},
				"east": {"uv": [15, 4, 16, 5], "texture": "#1"},
				"south": {"uv": [15, 4, 16, 5], "texture": "#1"},
				"west": {"uv": [15, 4, 16, 5], "texture": "#1"},
				"up": {"uv": [15, 4, 16, 5], "texture": "#1"},
				"down": {"uv": [15, 4, 16, 5], "texture": "#1"}
			}
		},
		{
			"from": [4, 3, 7],
			"to": [5, 4, 9],
			"faces": {
				"north": {"uv": [15, 4, 16, 5], "texture": "#1"},
				"east": {"uv": [15, 4, 16, 5], "texture": "#1"},
				"south": {"uv": [15, 4, 16, 5], "texture": "#1"},
				"west": {"uv": [15, 4, 16, 5], "texture": "#1"},
				"up": {"uv": [15, 4, 16, 5], "texture": "#1"},
				"down": {"uv": [15, 4, 16, 5], "texture": "#1"}
			}
		},
		{
			"from": [3, 4, 7],
			"to": [4, 5, 9],
			"faces": {
				"north": {"uv": [15, 4, 16, 5], "texture": "#1"},
				"east": {"uv": [15, 4, 16, 5], "texture": "#1"},
				"south": {"uv": [15, 4, 16, 5], "texture": "#1"},
				"west": {"uv": [15, 4, 16, 5], "texture": "#1"},
				"up": {"uv": [15, 4, 16, 5], "texture": "#1"},
				"down": {"uv": [15, 4, 16, 5], "texture": "#1"}
			}
		},
		{
			"from": [2, 5, 7],
			"to": [3, 6, 9],
			"faces": {
				"north": {"uv": [15, 4, 16, 5], "texture": "#1"},
				"east": {"uv": [15, 4, 16, 5], "texture": "#1"},
				"south": {"uv": [15, 4, 16, 5], "texture": "#1"},
				"west": {"uv": [15, 4, 16, 5], "texture": "#1"},
				"up": {"uv": [15, 4, 16, 5], "texture": "#1"},
				"down": {"uv": [15, 4, 16, 5], "texture": "#1"}
			}
		},
		{
			"from": [1, 6, 7],
			"to": [2, 7, 9],
			"faces": {
				"north": {"uv": [15, 4, 16, 5], "texture": "#1"},
				"east": {"uv": [15, 4, 16, 5], "texture": "#1"},
				"south": {"uv": [15, 4, 16, 5], "texture": "#1"},
				"west": {"uv": [15, 4, 16, 5], "texture": "#1"},
				"up": {"uv": [15, 4, 16, 5], "texture": "#1"},
				"down": {"uv": [15, 4, 16, 5], "texture": "#1"}
			}
		},
		{
			"from": [0, 7, 7],
			"to": [1, 11, 9],
			"faces": {
				"north": {"uv": [15, 4, 16, 5], "texture": "#1"},
				"east": {"uv": [15, 4, 16, 5], "texture": "#1"},
				"south": {"uv": [15, 4, 16, 5], "texture": "#1"},
				"west": {"uv": [15, 4, 16, 5], "texture": "#1"},
				"up": {"uv": [15, 4, 16, 5], "texture": "#1"},
				"down": {"uv": [15, 4, 16, 5], "texture": "#1"}
			}
		},
		{
			"from": [1, 11, 7],
			"to": [2, 12, 9],
			"faces": {
				"north": {"uv": [15, 4, 16, 5], "texture": "#1"},
				"east": {"uv": [15, 4, 16, 5], "texture": "#1"},
				"south": {"uv": [15, 4, 16, 5], "texture": "#1"},
				"west": {"uv": [15, 4, 16, 5], "texture": "#1"},
				"up": {"uv": [15, 4, 16, 5], "texture": "#1"},
				"down": {"uv": [15, 4, 16, 5], "texture": "#1"}
			}
		},
		{
			"from": [2, 12, 7],
			"to": [3, 13, 9],
			"faces": {
				"north": {"uv": [15, 4, 16, 5], "texture": "#1"},
				"east": {"uv": [15, 4, 16, 5], "texture": "#1"},
				"south": {"uv": [15, 4, 16, 5], "texture": "#1"},
				"west": {"uv": [15, 4, 16, 5], "texture": "#1"},
				"up": {"uv": [15, 4, 16, 5], "texture": "#1"},
				"down": {"uv": [15, 4, 16, 5], "texture": "#1"}
			}
		},
		{
			"from": [3, 13, 7],
			"to": [6, 14, 9],
			"faces": {
				"north": {"uv": [15, 4, 16, 5], "texture": "#1"},
				"east": {"uv": [15, 4, 16, 5], "texture": "#1"},
				"south": {"uv": [15, 4, 16, 5], "texture": "#1"},
				"west": {"uv": [15, 4, 16, 5], "texture": "#1"},
				"up": {"uv": [15, 4, 16, 5], "texture": "#1"},
				"down": {"uv": [15, 4, 16, 5], "texture": "#1"}
			}
		},
		{
			"from": [6, 12, 7],
			"to": [7, 13, 9],
			"faces": {
				"north": {"uv": [15, 4, 16, 5], "texture": "#1"},
				"east": {"uv": [15, 4, 16, 5], "texture": "#1"},
				"south": {"uv": [15, 4, 16, 5], "texture": "#1"},
				"west": {"uv": [15, 4, 16, 5], "texture": "#1"},
				"up": {"uv": [15, 4, 16, 5], "texture": "#1"},
				"down": {"uv": [15, 4, 16, 5], "texture": "#1"}
			}
		},
		{
			"from": [7, 11, 7],
			"to": [9, 12, 9],
			"faces": {
				"north": {"uv": [15, 4, 16, 5], "texture": "#1"},
				"east": {"uv": [15, 4, 16, 5], "texture": "#1"},
				"south": {"uv": [15, 4, 16, 5], "texture": "#1"},
				"west": {"uv": [15, 4, 16, 5], "texture": "#1"},
				"up": {"uv": [15, 4, 16, 5], "texture": "#1"},
				"down": {"uv": [15, 4, 16, 5], "texture": "#1"}
			}
		},
		{
			"from": [7, 4, 5],
			"to": [9, 5, 11],
			"faces": {
				"north": {"uv": [10, 5, 11, 6], "texture": "#1"},
				"east": {"uv": [10, 5, 11, 6], "texture": "#1"},
				"south": {"uv": [10, 5, 11, 6], "texture": "#1"},
				"west": {"uv": [10, 5, 11, 6], "texture": "#1"},
				"up": {"uv": [10, 5, 11, 6], "texture": "#1"},
				"down": {"uv": [10, 5, 11, 6], "texture": "#1"}
			}
		},
		{
			"from": [6, 5, 5],
			"to": [10, 6, 11],
			"faces": {
				"north": {"uv": [10, 5, 11, 6], "texture": "#1"},
				"east": {"uv": [10, 5, 11, 6], "texture": "#1"},
				"south": {"uv": [10, 5, 11, 6], "texture": "#1"},
				"west": {"uv": [10, 5, 11, 6], "texture": "#1"},
				"up": {"uv": [10, 5, 11, 6], "texture": "#1"},
				"down": {"uv": [10, 5, 11, 6], "texture": "#1"}
			}
		},
		{
			"from": [5, 6, 5],
			"to": [11, 7, 11],
			"faces": {
				"north": {"uv": [10, 5, 11, 6], "texture": "#1"},
				"east": {"uv": [10, 5, 11, 6], "texture": "#1"},
				"south": {"uv": [10, 5, 11, 6], "texture": "#1"},
				"west": {"uv": [10, 5, 11, 6], "texture": "#1"},
				"up": {"uv": [10, 5, 11, 6], "texture": "#1"},
				"down": {"uv": [10, 5, 11, 6], "texture": "#1"}
			}
		},
		{
			"from": [4, 7, 5],
			"to": [12, 9, 11],
			"faces": {
				"north": {"uv": [10, 5, 11, 6], "texture": "#1"},
				"east": {"uv": [10, 5, 11, 6], "texture": "#1"},
				"south": {"uv": [10, 5, 11, 6], "texture": "#1"},
				"west": {"uv": [10, 5, 11, 6], "texture": "#1"},
				"up": {"uv": [10, 5, 11, 6], "texture": "#1"},
				"down": {"uv": [10, 5, 11, 6], "texture": "#1"}
			}
		},
		{
			"from": [9, 9, 5],
			"to": [11, 10, 11],
			"faces": {
				"north": {"uv": [10, 5, 11, 6], "texture": "#1"},
				"east": {"uv": [10, 5, 11, 6], "texture": "#1"},
				"south": {"uv": [10, 5, 11, 6], "texture": "#1"},
				"west": {"uv": [10, 5, 11, 6], "texture": "#1"},
				"up": {"uv": [10, 5, 11, 6], "texture": "#1"},
				"down": {"uv": [10, 5, 11, 6], "texture": "#1"}
			}
		},
		{
			"from": [5, 9, 5],
			"to": [7, 10, 11],
			"faces": {
				"north": {"uv": [10, 5, 11, 6], "texture": "#1"},
				"east": {"uv": [10, 5, 11, 6], "texture": "#1"},
				"south": {"uv": [10, 5, 11, 6], "texture": "#1"},
				"west": {"uv": [10, 5, 11, 6], "texture": "#1"},
				"up": {"uv": [10, 5, 11, 6], "texture": "#1"},
				"down": {"uv": [10, 5, 11, 6], "texture": "#1"}
			}
		},
		{
			"from": [7, 1, 6],
			"to": [9, 2, 7],
			"faces": {
				"north": {"uv": [1, 4, 2, 5], "texture": "#1"},
				"east": {"uv": [1, 4, 2, 5], "texture": "#1"},
				"south": {"uv": [1, 4, 2, 5], "texture": "#1"},
				"west": {"uv": [1, 4, 2, 5], "texture": "#1"},
				"up": {"uv": [1, 4, 2, 5], "texture": "#1"},
				"down": {"uv": [1, 4, 2, 5], "texture": "#1"}
			}
		},
		{
			"from": [7, 1, 9],
			"to": [9, 2, 10],
			"faces": {
				"north": {"uv": [1, 4, 2, 5], "texture": "#1"},
				"east": {"uv": [1, 4, 2, 5], "texture": "#1"},
				"south": {"uv": [1, 4, 2, 5], "texture": "#1"},
				"west": {"uv": [1, 4, 2, 5], "texture": "#1"},
				"up": {"uv": [1, 4, 2, 5], "texture": "#1"},
				"down": {"uv": [1, 4, 2, 5], "texture": "#1"}
			}
		},
		{
			"from": [6, 2, 9],
			"to": [10, 3, 10],
			"faces": {
				"north": {"uv": [1, 4, 2, 5], "texture": "#1"},
				"east": {"uv": [1, 4, 2, 5], "texture": "#1"},
				"south": {"uv": [1, 4, 2, 5], "texture": "#1"},
				"west": {"uv": [1, 4, 2, 5], "texture": "#1"},
				"up": {"uv": [1, 4, 2, 5], "texture": "#1"},
				"down": {"uv": [1, 4, 2, 5], "texture": "#1"}
			}
		},
		{
			"from": [6, 2, 6],
			"to": [10, 3, 7],
			"faces": {
				"north": {"uv": [1, 4, 2, 5], "texture": "#1"},
				"east": {"uv": [1, 4, 2, 5], "texture": "#1"},
				"south": {"uv": [1, 4, 2, 5], "texture": "#1"},
				"west": {"uv": [1, 4, 2, 5], "texture": "#1"},
				"up": {"uv": [1, 4, 2, 5], "texture": "#1"},
				"down": {"uv": [1, 4, 2, 5], "texture": "#1"}
			}
		},
		{
			"from": [5, 3, 9],
			"to": [11, 4, 10],
			"faces": {
				"north": {"uv": [1, 4, 2, 5], "texture": "#1"},
				"east": {"uv": [1, 4, 2, 5], "texture": "#1"},
				"south": {"uv": [1, 4, 2, 5], "texture": "#1"},
				"west": {"uv": [1, 4, 2, 5], "texture": "#1"},
				"up": {"uv": [1, 4, 2, 5], "texture": "#1"},
				"down": {"uv": [1, 4, 2, 5], "texture": "#1"}
			}
		},
		{
			"from": [4, 4, 9],
			"to": [12, 5, 10],
			"faces": {
				"north": {"uv": [1, 4, 2, 5], "texture": "#1"},
				"east": {"uv": [1, 4, 2, 5], "texture": "#1"},
				"south": {"uv": [1, 4, 2, 5], "texture": "#1"},
				"west": {"uv": [1, 4, 2, 5], "texture": "#1"},
				"up": {"uv": [1, 4, 2, 5], "texture": "#1"},
				"down": {"uv": [1, 4, 2, 5], "texture": "#1"}
			}
		},
		{
			"from": [3, 5, 9],
			"to": [13, 6, 10],
			"faces": {
				"north": {"uv": [1, 4, 2, 5], "texture": "#1"},
				"east": {"uv": [1, 4, 2, 5], "texture": "#1"},
				"south": {"uv": [1, 4, 2, 5], "texture": "#1"},
				"west": {"uv": [1, 4, 2, 5], "texture": "#1"},
				"up": {"uv": [1, 4, 2, 5], "texture": "#1"},
				"down": {"uv": [1, 4, 2, 5], "texture": "#1"}
			}
		},
		{
			"from": [2, 6, 9],
			"to": [14, 7, 10],
			"faces": {
				"north": {"uv": [1, 4, 2, 5], "texture": "#1"},
				"east": {"uv": [1, 4, 2, 5], "texture": "#1"},
				"south": {"uv": [1, 4, 2, 5], "texture": "#1"},
				"west": {"uv": [1, 4, 2, 5], "texture": "#1"},
				"up": {"uv": [1, 4, 2, 5], "texture": "#1"},
				"down": {"uv": [1, 4, 2, 5], "texture": "#1"}
			}
		},
		{
			"from": [1, 7, 9],
			"to": [15, 11, 10],
			"faces": {
				"north": {"uv": [1, 4, 2, 5], "texture": "#1"},
				"east": {"uv": [1, 4, 2, 5], "texture": "#1"},
				"south": {"uv": [1, 4, 2, 5], "texture": "#1"},
				"west": {"uv": [1, 4, 2, 5], "texture": "#1"},
				"up": {"uv": [1, 4, 2, 5], "texture": "#1"},
				"down": {"uv": [1, 4, 2, 5], "texture": "#1"}
			}
		},
		{
			"from": [2, 11, 9],
			"to": [14, 12, 10],
			"faces": {
				"north": {"uv": [1, 4, 2, 5], "texture": "#1"},
				"east": {"uv": [1, 4, 2, 5], "texture": "#1"},
				"south": {"uv": [1, 4, 2, 5], "texture": "#1"},
				"west": {"uv": [1, 4, 2, 5], "texture": "#1"},
				"up": {"uv": [1, 4, 2, 5], "texture": "#1"},
				"down": {"uv": [1, 4, 2, 5], "texture": "#1"}
			}
		},
		{
			"from": [3, 12, 9],
			"to": [6, 13, 10],
			"faces": {
				"north": {"uv": [1, 4, 2, 5], "texture": "#1"},
				"east": {"uv": [1, 4, 2, 5], "texture": "#1"},
				"south": {"uv": [1, 4, 2, 5], "texture": "#1"},
				"west": {"uv": [1, 4, 2, 5], "texture": "#1"},
				"up": {"uv": [1, 4, 2, 5], "texture": "#1"},
				"down": {"uv": [1, 4, 2, 5], "texture": "#1"}
			}
		},
		{
			"from": [10, 12, 9],
			"to": [13, 13, 10],
			"faces": {
				"north": {"uv": [1, 4, 2, 5], "texture": "#1"},
				"east": {"uv": [1, 4, 2, 5], "texture": "#1"},
				"south": {"uv": [1, 4, 2, 5], "texture": "#1"},
				"west": {"uv": [1, 4, 2, 5], "texture": "#1"},
				"up": {"uv": [1, 4, 2, 5], "texture": "#1"},
				"down": {"uv": [1, 4, 2, 5], "texture": "#1"}
			}
		},
		{
			"from": [4, 4, 6],
			"to": [12, 5, 7],
			"faces": {
				"north": {"uv": [1, 4, 2, 5], "texture": "#1"},
				"east": {"uv": [1, 4, 2, 5], "texture": "#1"},
				"south": {"uv": [1, 4, 2, 5], "texture": "#1"},
				"west": {"uv": [1, 4, 2, 5], "texture": "#1"},
				"up": {"uv": [1, 4, 2, 5], "texture": "#1"},
				"down": {"uv": [1, 4, 2, 5], "texture": "#1"}
			}
		},
		{
			"from": [3, 5, 6],
			"to": [13, 6, 7],
			"faces": {
				"north": {"uv": [1, 4, 2, 5], "texture": "#1"},
				"east": {"uv": [1, 4, 2, 5], "texture": "#1"},
				"south": {"uv": [1, 4, 2, 5], "texture": "#1"},
				"west": {"uv": [1, 4, 2, 5], "texture": "#1"},
				"up": {"uv": [1, 4, 2, 5], "texture": "#1"},
				"down": {"uv": [1, 4, 2, 5], "texture": "#1"}
			}
		},
		{
			"from": [2, 6, 6],
			"to": [14, 7, 7],
			"faces": {
				"north": {"uv": [1, 4, 2, 5], "texture": "#1"},
				"east": {"uv": [1, 4, 2, 5], "texture": "#1"},
				"south": {"uv": [1, 4, 2, 5], "texture": "#1"},
				"west": {"uv": [1, 4, 2, 5], "texture": "#1"},
				"up": {"uv": [1, 4, 2, 5], "texture": "#1"},
				"down": {"uv": [1, 4, 2, 5], "texture": "#1"}
			}
		},
		{
			"from": [1, 7, 6],
			"to": [15, 11, 7],
			"faces": {
				"north": {"uv": [1, 4, 2, 5], "texture": "#1"},
				"east": {"uv": [1, 4, 2, 5], "texture": "#1"},
				"south": {"uv": [1, 4, 2, 5], "texture": "#1"},
				"west": {"uv": [1, 4, 2, 5], "texture": "#1"},
				"up": {"uv": [1, 4, 2, 5], "texture": "#1"},
				"down": {"uv": [1, 4, 2, 5], "texture": "#1"}
			}
		},
		{
			"from": [2, 11, 6],
			"to": [14, 12, 7],
			"faces": {
				"north": {"uv": [1, 4, 2, 5], "texture": "#1"},
				"east": {"uv": [1, 4, 2, 5], "texture": "#1"},
				"south": {"uv": [1, 4, 2, 5], "texture": "#1"},
				"west": {"uv": [1, 4, 2, 5], "texture": "#1"},
				"up": {"uv": [1, 4, 2, 5], "texture": "#1"},
				"down": {"uv": [1, 4, 2, 5], "texture": "#1"}
			}
		},
		{
			"from": [3, 12, 6],
			"to": [6, 13, 7],
			"faces": {
				"north": {"uv": [1, 4, 2, 5], "texture": "#1"},
				"east": {"uv": [1, 4, 2, 5], "texture": "#1"},
				"south": {"uv": [1, 4, 2, 5], "texture": "#1"},
				"west": {"uv": [1, 4, 2, 5], "texture": "#1"},
				"up": {"uv": [1, 4, 2, 5], "texture": "#1"},
				"down": {"uv": [1, 4, 2, 5], "texture": "#1"}
			}
		},
		{
			"from": [10, 12, 6],
			"to": [13, 13, 7],
			"faces": {
				"north": {"uv": [1, 4, 2, 5], "texture": "#1"},
				"east": {"uv": [1, 4, 2, 5], "texture": "#1"},
				"south": {"uv": [1, 4, 2, 5], "texture": "#1"},
				"west": {"uv": [1, 4, 2, 5], "texture": "#1"},
				"up": {"uv": [1, 4, 2, 5], "texture": "#1"},
				"down": {"uv": [1, 4, 2, 5], "texture": "#1"}
			}
		},
		{
			"from": [5, 3, 6],
			"to": [11, 4, 7],
			"faces": {
				"north": {"uv": [1, 4, 2, 5], "texture": "#1"},
				"east": {"uv": [1, 4, 2, 5], "texture": "#1"},
				"south": {"uv": [1, 4, 2, 5], "texture": "#1"},
				"west": {"uv": [1, 4, 2, 5], "texture": "#1"},
				"up": {"uv": [1, 4, 2, 5], "texture": "#1"},
				"down": {"uv": [1, 4, 2, 5], "texture": "#1"}
			}
		},
		{
			"from": [4, 0, 8],
			"to": [12, 8, 8],
			"faces": {
				"north": {"uv": [4, 7, 12, 15], "texture": "#1"},
				"east": {"uv": [0, 0, 0, 2], "texture": "#1"},
				"south": {"uv": [4, 7, 12, 15], "texture": "#1"},
				"west": {"uv": [0, 0, 0, 2], "texture": "#1"},
				"up": {"uv": [0, 0, 3, 0], "texture": "#1"},
				"down": {"uv": [0, 0, 3, 0], "texture": "#1"}
			}
		}
	],
	"display": {
		"thirdperson_righthand": {
			"translation": [0, 4.75, 1.5]
		},
		"ground": {
			"translation": [0, 1.5, 0]
		},
		"head": {
			"translation": [0, -15, 0],
			"scale": [2.09, 2.09, 2.09]
		}
	},
	"groups": [
		{
			"name": "outline",
			"origin": [0, 0, 0],
			"color": 0,
			"children": [0, 1, 2, 3, 4, 5, 6, 7, 8, 9, 10, 11, 12, 13, 14, 15, 16, 17, 18, 19, 20, 21, 22, 23]
		},
		{
			"name": "inner core",
			"origin": [0, 0, 0],
			"color": 0,
			"children": [24, 25, 26, 27, 28, 29]
		},
		{
			"name": "inbetween",
			"origin": [0, 0, 0],
			"color": 0,
			"children": [30, 31, 32, 33, 34, 35, 36, 37, 38, 39, 40, 41, 42, 43, 44, 45, 46, 47, 48, 49]
		},
		{
			"name": "flame",
			"origin": [0, 0, 0],
			"color": 0,
			"children": [50]
		}
	]
}